organizationSlug,branchCode,name,unit,category,theoreticalUnitCost,reorderLevel,reorderQty,isActive,sku,preferredSupplierKey,metadata
nimbus,TAPAS_DOWNTOWN,Chicken Breast,kg,Proteins,18000.00,10.00,20.00,true,TA-INV-001,Fresh Fields Produce,"{""demoCategory"": ""Proteins""}"
nimbus,TAPAS_DOWNTOWN,Beef Fillet,kg,Proteins,32000.00,15.00,25.00,true,TA-INV-002,Lake Harvest Foods,"{""demoCategory"": ""Proteins""}"
nimbus,TAPAS_DOWNTOWN,Tilapia Fillet,kg,Proteins,26000.00,20.00,30.00,true,TA-INV-003,Prime Poultry Demo,"{""demoCategory"": ""Proteins""}"
nimbus,TAPAS_DOWNTOWN,Mushrooms,kg,Produce,9000.00,25.00,35.00,true,TA-INV-004,Kampala Dry Goods,"{""demoCategory"": ""Produce""}"
nimbus,TAPAS_DOWNTOWN,Eggplant,kg,Produce,6000.00,30.00,40.00,true,TA-INV-005,Cafe Bean Collective,"{""demoCategory"": ""Produce""}"
nimbus,TAPAS_DOWNTOWN,Tomatoes,kg,Produce,4500.00,10.00,45.00,true,TA-INV-006,Skyline Beverage Supply,"{""demoCategory"": ""Produce""}"
nimbus,TAPAS_DOWNTOWN,Avocado,kg,Produce,7000.00,15.00,50.00,true,TA-INV-007,CleanOps Services,"{""demoCategory"": ""Produce""}"
nimbus,TAPAS_DOWNTOWN,Plantain,kg,Produce,5000.00,20.00,20.00,true,TA-INV-008,Kampala Utilities Demo,"{""demoCategory"": ""Produce""}"
nimbus,TAPAS_DOWNTOWN,Lettuce,kg,Produce,5500.00,25.00,25.00,true,TA-INV-009,Event Rentals Demo,"{""demoCategory"": ""Produce""}"
nimbus,TAPAS_DOWNTOWN,Herbs Mix,kg,Produce,12000.00,30.00,30.00,true,TA-INV-010,Cloud Apps Demo,"{""demoCategory"": ""Produce""}"
nimbus,TAPAS_DOWNTOWN,Potatoes,kg,Produce,3800.00,10.00,35.00,true,TA-INV-011,Fresh Fields Produce,"{""demoCategory"": ""Produce""}"
nimbus,TAPAS_DOWNTOWN,Flatbread Dough,kg,Bakery,6500.00,15.00,40.00,true,TA-INV-012,Lake Harvest Foods,"{""demoCategory"": ""Bakery""}"
nimbus,TAPAS_DOWNTOWN,Pasta,kg,Dry Goods,7000.00,20.00,45.00,true,TA-INV-013,Prime Poultry Demo,"{""demoCategory"": ""Dry Goods""}"
nimbus,TAPAS_DOWNTOWN,Rice,kg,Dry Goods,5200.00,25.00,50.00,true,TA-INV-014,Kampala Dry Goods,"{""demoCategory"": ""Dry Goods""}"
nimbus,TAPAS_DOWNTOWN,Cheese,kg,Dairy,24000.00,30.00,20.00,true,TA-INV-015,Cafe Bean Collective,"{""demoCategory"": ""Dairy""}"
nimbus,TAPAS_DOWNTOWN,Yoghurt,ltr,Dairy,7500.00,10.00,25.00,true,TA-INV-016,Skyline Beverage Supply,"{""demoCategory"": ""Dairy""}"
nimbus,TAPAS_DOWNTOWN,Cream,ltr,Dairy,9000.00,15.00,30.00,true,TA-INV-017,CleanOps Services,"{""demoCategory"": ""Dairy""}"
nimbus,TAPAS_DOWNTOWN,Coffee Beans,kg,Cafe,28000.00,20.00,35.00,true,TA-INV-018,Kampala Utilities Demo,"{""demoCategory"": ""Cafe""}"
nimbus,TAPAS_DOWNTOWN,Tea Leaves,kg,Cafe,18000.00,25.00,40.00,true,TA-INV-019,Event Rentals Demo,"{""demoCategory"": ""Cafe""}"
nimbus,TAPAS_DOWNTOWN,Mango Pulp,ltr,Beverage,8500.00,30.00,45.00,true,TA-INV-020,Cloud Apps Demo,"{""demoCategory"": ""Beverage""}"
nimbus,TAPAS_DOWNTOWN,Passion Fruit Pulp,ltr,Beverage,9200.00,10.00,50.00,true,TA-INV-021,Fresh Fields Produce,"{""demoCategory"": ""Beverage""}"
nimbus,TAPAS_DOWNTOWN,Lime Juice,ltr,Beverage,7000.00,15.00,20.00,true,TA-INV-022,Lake Harvest Foods,"{""demoCategory"": ""Beverage""}"
nimbus,TAPAS_DOWNTOWN,Ginger Syrup,ltr,Beverage,10000.00,20.00,25.00,true,TA-INV-023,Prime Poultry Demo,"{""demoCategory"": ""Beverage""}"
nimbus,TAPAS_DOWNTOWN,Hibiscus Syrup,ltr,Beverage,11000.00,25.00,30.00,true,TA-INV-024,Kampala Dry Goods,"{""demoCategory"": ""Beverage""}"
nimbus,TAPAS_DOWNTOWN,Sparkling Water,ltr,Beverage,3500.00,30.00,35.00,true,TA-INV-025,Cafe Bean Collective,"{""demoCategory"": ""Beverage""}"
nimbus,TAPAS_DOWNTOWN,Chocolate,kg,Dry Goods,16000.00,10.00,40.00,true,TA-INV-026,Skyline Beverage Supply,"{""demoCategory"": ""Dry Goods""}"
nimbus,TAPAS_DOWNTOWN,Dates,kg,Dry Goods,14000.00,15.00,45.00,true,TA-INV-027,CleanOps Services,"{""demoCategory"": ""Dry Goods""}"
nimbus,TAPAS_DOWNTOWN,Sugar,kg,Dry Goods,4500.00,20.00,50.00,true,TA-INV-028,Kampala Utilities Demo,"{""demoCategory"": ""Dry Goods""}"
nimbus,TAPAS_DOWNTOWN,Flour,kg,Dry Goods,4800.00,25.00,20.00,true,TA-INV-029,Event Rentals Demo,"{""demoCategory"": ""Dry Goods""}"
nimbus,TAPAS_DOWNTOWN,Cooking Oil,ltr,Dry Goods,9000.00,30.00,25.00,true,TA-INV-030,Cloud Apps Demo,"{""demoCategory"": ""Dry Goods""}"
nimbus,TAPAS_DOWNTOWN,Salt,kg,Dry Goods,1800.00,10.00,30.00,true,TA-INV-031,Fresh Fields Produce,"{""demoCategory"": ""Dry Goods""}"
nimbus,TAPAS_DOWNTOWN,Black Pepper,kg,Dry Goods,21000.00,15.00,35.00,true,TA-INV-032,Lake Harvest Foods,"{""demoCategory"": ""Dry Goods""}"
nimbus,TAPAS_DOWNTOWN,Garlic,kg,Produce,7500.00,20.00,40.00,true,TA-INV-033,Prime Poultry Demo,"{""demoCategory"": ""Produce""}"
nimbus,TAPAS_DOWNTOWN,Onion,kg,Produce,4000.00,25.00,45.00,true,TA-INV-034,Kampala Dry Goods,"{""demoCategory"": ""Produce""}"
nimbus,TAPAS_DOWNTOWN,Cucumber,kg,Produce,5000.00,30.00,50.00,true,TA-INV-035,Cafe Bean Collective,"{""demoCategory"": ""Produce""}"
nimbus,TAPAS_DOWNTOWN,Basil,kg,Produce,14500.00,10.00,20.00,true,TA-INV-036,Skyline Beverage Supply,"{""demoCategory"": ""Produce""}"
nimbus,TAPAS_DOWNTOWN,Cranberry Juice,ltr,Beverage,8200.00,15.00,25.00,true,TA-INV-037,CleanOps Services,"{""demoCategory"": ""Beverage""}"
nimbus,TAPAS_DOWNTOWN,Vanilla Syrup,ltr,Cafe,13000.00,20.00,30.00,true,TA-INV-038,Kampala Utilities Demo,"{""demoCategory"": ""Cafe""}"
nimbus,TAPAS_DOWNTOWN,Oats,kg,Dry Goods,7600.00,25.00,35.00,true,TA-INV-039,Event Rentals Demo,"{""demoCategory"": ""Dry Goods""}"
nimbus,TAPAS_DOWNTOWN,Bananas,kg,Produce,4200.00,30.00,40.00,true,TA-INV-040,Cloud Apps Demo,"{""demoCategory"": ""Produce""}"
nimbus,TAPAS_DOWNTOWN,Mini Dessert Base,unit,Bakery,1200.00,10.00,45.00,true,TA-INV-041,Fresh Fields Produce,"{""demoCategory"": ""Bakery""}"
nimbus,TAPAS_DOWNTOWN,Packaging Box,unit,Packaging,900.00,15.00,50.00,true,TA-INV-042,Lake Harvest Foods,"{""demoCategory"": ""Packaging""}"
nimbus,TAPAS_DOWNTOWN,Napkins,unit,Packaging,80.00,20.00,20.00,true,TA-INV-043,Prime Poultry Demo,"{""demoCategory"": ""Packaging""}"
nimbus,TAPAS_DOWNTOWN,Cleaning Solution,ltr,Cleaning,6000.00,25.00,25.00,true,TA-INV-044,Kampala Dry Goods,"{""demoCategory"": ""Cleaning""}"
nimbus,TAPAS_DOWNTOWN,Receipt Paper Roll,unit,Packaging,2500.00,30.00,30.00,true,TA-INV-045,Cafe Bean Collective,"{""demoCategory"": ""Packaging""}"
nimbus,ROOFTOP_BAR,Chicken Breast,kg,Proteins,18900.00,10.00,20.00,true,RO-INV-001,Fresh Fields Produce,"{""demoCategory"": ""Proteins""}"
nimbus,ROOFTOP_BAR,Beef Fillet,kg,Proteins,33600.00,15.00,25.00,true,RO-INV-002,Lake Harvest Foods,"{""demoCategory"": ""Proteins""}"
nimbus,ROOFTOP_BAR,Tilapia Fillet,kg,Proteins,27300.00,20.00,30.00,true,RO-INV-003,Prime Poultry Demo,"{""demoCategory"": ""Proteins""}"
nimbus,ROOFTOP_BAR,Mushrooms,kg,Produce,9450.00,25.00,35.00,true,RO-INV-004,Kampala Dry Goods,"{""demoCategory"": ""Produce""}"
nimbus,ROOFTOP_BAR,Eggplant,kg,Produce,6300.00,30.00,40.00,true,RO-INV-005,Cafe Bean Collective,"{""demoCategory"": ""Produce""}"
nimbus,ROOFTOP_BAR,Tomatoes,kg,Produce,4725.00,10.00,45.00,true,RO-INV-006,Skyline Beverage Supply,"{""demoCategory"": ""Produce""}"
nimbus,ROOFTOP_BAR,Avocado,kg,Produce,7350.00,15.00,50.00,true,RO-INV-007,CleanOps Services,"{""demoCategory"": ""Produce""}"
nimbus,ROOFTOP_BAR,Plantain,kg,Produce,5250.00,20.00,20.00,true,RO-INV-008,Kampala Utilities Demo,"{""demoCategory"": ""Produce""}"
nimbus,ROOFTOP_BAR,Lettuce,kg,Produce,5775.00,25.00,25.00,true,RO-INV-009,Event Rentals Demo,"{""demoCategory"": ""Produce""}"
nimbus,ROOFTOP_BAR,Herbs Mix,kg,Produce,12600.00,30.00,30.00,true,RO-INV-010,Cloud Apps Demo,"{""demoCategory"": ""Produce""}"
nimbus,ROOFTOP_BAR,Potatoes,kg,Produce,3990.00,10.00,35.00,true,RO-INV-011,Fresh Fields Produce,"{""demoCategory"": ""Produce""}"
nimbus,ROOFTOP_BAR,Flatbread Dough,kg,Bakery,6825.00,15.00,40.00,true,RO-INV-012,Lake Harvest Foods,"{""demoCategory"": ""Bakery""}"
nimbus,ROOFTOP_BAR,Pasta,kg,Dry Goods,7350.00,20.00,45.00,true,RO-INV-013,Prime Poultry Demo,"{""demoCategory"": ""Dry Goods""}"
nimbus,ROOFTOP_BAR,Rice,kg,Dry Goods,5460.00,25.00,50.00,true,RO-INV-014,Kampala Dry Goods,"{""demoCategory"": ""Dry Goods""}"
nimbus,ROOFTOP_BAR,Cheese,kg,Dairy,25200.00,30.00,20.00,true,RO-INV-015,Cafe Bean Collective,"{""demoCategory"": ""Dairy""}"
nimbus,ROOFTOP_BAR,Yoghurt,ltr,Dairy,7875.00,10.00,25.00,true,RO-INV-016,Skyline Beverage Supply,"{""demoCategory"": ""Dairy""}"
nimbus,ROOFTOP_BAR,Cream,ltr,Dairy,9450.00,15.00,30.00,true,RO-INV-017,CleanOps Services,"{""demoCategory"": ""Dairy""}"
nimbus,ROOFTOP_BAR,Coffee Beans,kg,Cafe,29400.00,20.00,35.00,true,RO-INV-018,Kampala Utilities Demo,"{""demoCategory"": ""Cafe""}"
nimbus,ROOFTOP_BAR,Tea Leaves,kg,Cafe,18900.00,25.00,40.00,true,RO-INV-019,Event Rentals Demo,"{""demoCategory"": ""Cafe""}"
nimbus,ROOFTOP_BAR,Mango Pulp,ltr,Beverage,8925.00,30.00,45.00,true,RO-INV-020,Cloud Apps Demo,"{""demoCategory"": ""Beverage""}"
nimbus,ROOFTOP_BAR,Passion Fruit Pulp,ltr,Beverage,9660.00,10.00,50.00,true,RO-INV-021,Fresh Fields Produce,"{""demoCategory"": ""Beverage""}"
nimbus,ROOFTOP_BAR,Lime Juice,ltr,Beverage,7350.00,15.00,20.00,true,RO-INV-022,Lake Harvest Foods,"{""demoCategory"": ""Beverage""}"
nimbus,ROOFTOP_BAR,Ginger Syrup,ltr,Beverage,10500.00,20.00,25.00,true,RO-INV-023,Prime Poultry Demo,"{""demoCategory"": ""Beverage""}"
nimbus,ROOFTOP_BAR,Hibiscus Syrup,ltr,Beverage,11550.00,25.00,30.00,true,RO-INV-024,Kampala Dry Goods,"{""demoCategory"": ""Beverage""}"
nimbus,ROOFTOP_BAR,Sparkling Water,ltr,Beverage,3675.00,30.00,35.00,true,RO-INV-025,Cafe Bean Collective,"{""demoCategory"": ""Beverage""}"
nimbus,ROOFTOP_BAR,Chocolate,kg,Dry Goods,16800.00,10.00,40.00,true,RO-INV-026,Skyline Beverage Supply,"{""demoCategory"": ""Dry Goods""}"
nimbus,ROOFTOP_BAR,Dates,kg,Dry Goods,14700.00,15.00,45.00,true,RO-INV-027,CleanOps Services,"{""demoCategory"": ""Dry Goods""}"
nimbus,ROOFTOP_BAR,Sugar,kg,Dry Goods,4725.00,20.00,50.00,true,RO-INV-028,Kampala Utilities Demo,"{""demoCategory"": ""Dry Goods""}"
nimbus,ROOFTOP_BAR,Flour,kg,Dry Goods,5040.00,25.00,20.00,true,RO-INV-029,Event Rentals Demo,"{""demoCategory"": ""Dry Goods""}"
nimbus,ROOFTOP_BAR,Cooking Oil,ltr,Dry Goods,9450.00,30.00,25.00,true,RO-INV-030,Cloud Apps Demo,"{""demoCategory"": ""Dry Goods""}"
nimbus,ROOFTOP_BAR,Salt,kg,Dry Goods,1890.00,10.00,30.00,true,RO-INV-031,Fresh Fields Produce,"{""demoCategory"": ""Dry Goods""}"
nimbus,ROOFTOP_BAR,Black Pepper,kg,Dry Goods,22050.00,15.00,35.00,true,RO-INV-032,Lake Harvest Foods,"{""demoCategory"": ""Dry Goods""}"
nimbus,ROOFTOP_BAR,Garlic,kg,Produce,7875.00,20.00,40.00,true,RO-INV-033,Prime Poultry Demo,"{""demoCategory"": ""Produce""}"
nimbus,ROOFTOP_BAR,Onion,kg,Produce,4200.00,25.00,45.00,true,RO-INV-034,Kampala Dry Goods,"{""demoCategory"": ""Produce""}"
nimbus,ROOFTOP_BAR,Cucumber,kg,Produce,5250.00,30.00,50.00,true,RO-INV-035,Cafe Bean Collective,"{""demoCategory"": ""Produce""}"
nimbus,ROOFTOP_BAR,Basil,kg,Produce,15225.00,10.00,20.00,true,RO-INV-036,Skyline Beverage Supply,"{""demoCategory"": ""Produce""}"
nimbus,ROOFTOP_BAR,Cranberry Juice,ltr,Beverage,8610.00,15.00,25.00,true,RO-INV-037,CleanOps Services,"{""demoCategory"": ""Beverage""}"
nimbus,ROOFTOP_BAR,Vanilla Syrup,ltr,Cafe,13650.00,20.00,30.00,true,RO-INV-038,Kampala Utilities Demo,"{""demoCategory"": ""Cafe""}"
nimbus,ROOFTOP_BAR,Oats,kg,Dry Goods,7980.00,25.00,35.00,true,RO-INV-039,Event Rentals Demo,"{""demoCategory"": ""Dry Goods""}"
nimbus,ROOFTOP_BAR,Bananas,kg,Produce,4410.00,30.00,40.00,true,RO-INV-040,Cloud Apps Demo,"{""demoCategory"": ""Produce""}"
nimbus,ROOFTOP_BAR,Mini Dessert Base,unit,Bakery,1260.00,10.00,45.00,true,RO-INV-041,Fresh Fields Produce,"{""demoCategory"": ""Bakery""}"
nimbus,ROOFTOP_BAR,Packaging Box,unit,Packaging,945.00,15.00,50.00,true,RO-INV-042,Lake Harvest Foods,"{""demoCategory"": ""Packaging""}"
nimbus,ROOFTOP_BAR,Napkins,unit,Packaging,84.00,20.00,20.00,true,RO-INV-043,Prime Poultry Demo,"{""demoCategory"": ""Packaging""}"
nimbus,ROOFTOP_BAR,Cleaning Solution,ltr,Cleaning,6300.00,25.00,25.00,true,RO-INV-044,Kampala Dry Goods,"{""demoCategory"": ""Cleaning""}"
nimbus,ROOFTOP_BAR,Receipt Paper Roll,unit,Packaging,2625.00,30.00,30.00,true,RO-INV-045,Cafe Bean Collective,"{""demoCategory"": ""Packaging""}"
nimbus,GARDEN_CAFE,Chicken Breast,kg,Proteins,17280.00,10.00,20.00,true,GA-INV-001,Fresh Fields Produce,"{""demoCategory"": ""Proteins""}"
nimbus,GARDEN_CAFE,Beef Fillet,kg,Proteins,30720.00,15.00,25.00,true,GA-INV-002,Lake Harvest Foods,"{""demoCategory"": ""Proteins""}"
nimbus,GARDEN_CAFE,Tilapia Fillet,kg,Proteins,24960.00,20.00,30.00,true,GA-INV-003,Prime Poultry Demo,"{""demoCategory"": ""Proteins""}"
nimbus,GARDEN_CAFE,Mushrooms,kg,Produce,8640.00,25.00,35.00,true,GA-INV-004,Kampala Dry Goods,"{""demoCategory"": ""Produce""}"
nimbus,GARDEN_CAFE,Eggplant,kg,Produce,5760.00,30.00,40.00,true,GA-INV-005,Cafe Bean Collective,"{""demoCategory"": ""Produce""}"
nimbus,GARDEN_CAFE,Tomatoes,kg,Produce,4320.00,10.00,45.00,true,GA-INV-006,Skyline Beverage Supply,"{""demoCategory"": ""Produce""}"
nimbus,GARDEN_CAFE,Avocado,kg,Produce,6720.00,15.00,50.00,true,GA-INV-007,CleanOps Services,"{""demoCategory"": ""Produce""}"
nimbus,GARDEN_CAFE,Plantain,kg,Produce,4800.00,20.00,20.00,true,GA-INV-008,Kampala Utilities Demo,"{""demoCategory"": ""Produce""}"
nimbus,GARDEN_CAFE,Lettuce,kg,Produce,5280.00,25.00,25.00,true,GA-INV-009,Event Rentals Demo,"{""demoCategory"": ""Produce""}"
nimbus,GARDEN_CAFE,Herbs Mix,kg,Produce,11520.00,30.00,30.00,true,GA-INV-010,Cloud Apps Demo,"{""demoCategory"": ""Produce""}"
nimbus,GARDEN_CAFE,Potatoes,kg,Produce,3648.00,10.00,35.00,true,GA-INV-011,Fresh Fields Produce,"{""demoCategory"": ""Produce""}"
nimbus,GARDEN_CAFE,Flatbread Dough,kg,Bakery,6240.00,15.00,40.00,true,GA-INV-012,Lake Harvest Foods,"{""demoCategory"": ""Bakery""}"
nimbus,GARDEN_CAFE,Pasta,kg,Dry Goods,6720.00,20.00,45.00,true,GA-INV-013,Prime Poultry Demo,"{""demoCategory"": ""Dry Goods""}"
nimbus,GARDEN_CAFE,Rice,kg,Dry Goods,4992.00,25.00,50.00,true,GA-INV-014,Kampala Dry Goods,"{""demoCategory"": ""Dry Goods""}"
nimbus,GARDEN_CAFE,Cheese,kg,Dairy,23040.00,30.00,20.00,true,GA-INV-015,Cafe Bean Collective,"{""demoCategory"": ""Dairy""}"
nimbus,GARDEN_CAFE,Yoghurt,ltr,Dairy,7200.00,10.00,25.00,true,GA-INV-016,Skyline Beverage Supply,"{""demoCategory"": ""Dairy""}"
nimbus,GARDEN_CAFE,Cream,ltr,Dairy,8640.00,15.00,30.00,true,GA-INV-017,CleanOps Services,"{""demoCategory"": ""Dairy""}"
nimbus,GARDEN_CAFE,Coffee Beans,kg,Cafe,26880.00,20.00,35.00,true,GA-INV-018,Kampala Utilities Demo,"{""demoCategory"": ""Cafe""}"
nimbus,GARDEN_CAFE,Tea Leaves,kg,Cafe,17280.00,25.00,40.00,true,GA-INV-019,Event Rentals Demo,"{""demoCategory"": ""Cafe""}"
nimbus,GARDEN_CAFE,Mango Pulp,ltr,Beverage,8160.00,30.00,45.00,true,GA-INV-020,Cloud Apps Demo,"{""demoCategory"": ""Beverage""}"
nimbus,GARDEN_CAFE,Passion Fruit Pulp,ltr,Beverage,8832.00,10.00,50.00,true,GA-INV-021,Fresh Fields Produce,"{""demoCategory"": ""Beverage""}"
nimbus,GARDEN_CAFE,Lime Juice,ltr,Beverage,6720.00,15.00,20.00,true,GA-INV-022,Lake Harvest Foods,"{""demoCategory"": ""Beverage""}"
nimbus,GARDEN_CAFE,Ginger Syrup,ltr,Beverage,9600.00,20.00,25.00,true,GA-INV-023,Prime Poultry Demo,"{""demoCategory"": ""Beverage""}"
nimbus,GARDEN_CAFE,Hibiscus Syrup,ltr,Beverage,10560.00,25.00,30.00,true,GA-INV-024,Kampala Dry Goods,"{""demoCategory"": ""Beverage""}"
nimbus,GARDEN_CAFE,Sparkling Water,ltr,Beverage,3360.00,30.00,35.00,true,GA-INV-025,Cafe Bean Collective,"{""demoCategory"": ""Beverage""}"
nimbus,GARDEN_CAFE,Chocolate,kg,Dry Goods,15360.00,10.00,40.00,true,GA-INV-026,Skyline Beverage Supply,"{""demoCategory"": ""Dry Goods""}"
nimbus,GARDEN_CAFE,Dates,kg,Dry Goods,13440.00,15.00,45.00,true,GA-INV-027,CleanOps Services,"{""demoCategory"": ""Dry Goods""}"
nimbus,GARDEN_CAFE,Sugar,kg,Dry Goods,4320.00,20.00,50.00,true,GA-INV-028,Kampala Utilities Demo,"{""demoCategory"": ""Dry Goods""}"
nimbus,GARDEN_CAFE,Flour,kg,Dry Goods,4608.00,25.00,20.00,true,GA-INV-029,Event Rentals Demo,"{""demoCategory"": ""Dry Goods""}"
nimbus,GARDEN_CAFE,Cooking Oil,ltr,Dry Goods,8640.00,30.00,25.00,true,GA-INV-030,Cloud Apps Demo,"{""demoCategory"": ""Dry Goods""}"
nimbus,GARDEN_CAFE,Salt,kg,Dry Goods,1728.00,10.00,30.00,true,GA-INV-031,Fresh Fields Produce,"{""demoCategory"": ""Dry Goods""}"
nimbus,GARDEN_CAFE,Black Pepper,kg,Dry Goods,20160.00,15.00,35.00,true,GA-INV-032,Lake Harvest Foods,"{""demoCategory"": ""Dry Goods""}"
nimbus,GARDEN_CAFE,Garlic,kg,Produce,7200.00,20.00,40.00,true,GA-INV-033,Prime Poultry Demo,"{""demoCategory"": ""Produce""}"
nimbus,GARDEN_CAFE,Onion,kg,Produce,3840.00,25.00,45.00,true,GA-INV-034,Kampala Dry Goods,"{""demoCategory"": ""Produce""}"
nimbus,GARDEN_CAFE,Cucumber,kg,Produce,4800.00,30.00,50.00,true,GA-INV-035,Cafe Bean Collective,"{""demoCategory"": ""Produce""}"
nimbus,GARDEN_CAFE,Basil,kg,Produce,13920.00,10.00,20.00,true,GA-INV-036,Skyline Beverage Supply,"{""demoCategory"": ""Produce""}"
nimbus,GARDEN_CAFE,Cranberry Juice,ltr,Beverage,7872.00,15.00,25.00,true,GA-INV-037,CleanOps Services,"{""demoCategory"": ""Beverage""}"
nimbus,GARDEN_CAFE,Vanilla Syrup,ltr,Cafe,12480.00,20.00,30.00,true,GA-INV-038,Kampala Utilities Demo,"{""demoCategory"": ""Cafe""}"
nimbus,GARDEN_CAFE,Oats,kg,Dry Goods,7296.00,25.00,35.00,true,GA-INV-039,Event Rentals Demo,"{""demoCategory"": ""Dry Goods""}"
nimbus,GARDEN_CAFE,Bananas,kg,Produce,4032.00,30.00,40.00,true,GA-INV-040,Cloud Apps Demo,"{""demoCategory"": ""Produce""}"
nimbus,GARDEN_CAFE,Mini Dessert Base,unit,Bakery,1152.00,10.00,45.00,true,GA-INV-041,Fresh Fields Produce,"{""demoCategory"": ""Bakery""}"
nimbus,GARDEN_CAFE,Packaging Box,unit,Packaging,864.00,15.00,50.00,true,GA-INV-042,Lake Harvest Foods,"{""demoCategory"": ""Packaging""}"
nimbus,GARDEN_CAFE,Napkins,unit,Packaging,76.80,20.00,20.00,true,GA-INV-043,Prime Poultry Demo,"{""demoCategory"": ""Packaging""}"
nimbus,GARDEN_CAFE,Cleaning Solution,ltr,Cleaning,5760.00,25.00,25.00,true,GA-INV-044,Kampala Dry Goods,"{""demoCategory"": ""Cleaning""}"
nimbus,GARDEN_CAFE,Receipt Paper Roll,unit,Packaging,2400.00,30.00,30.00,true,GA-INV-045,Cafe Bean Collective,"{""demoCategory"": ""Packaging""}"
nimbus,EVENTS_KITCHEN,Chicken Breast,kg,Proteins,19440.00,10.00,20.00,true,EV-INV-001,Fresh Fields Produce,"{""demoCategory"": ""Proteins""}"
nimbus,EVENTS_KITCHEN,Beef Fillet,kg,Proteins,34560.00,15.00,25.00,true,EV-INV-002,Lake Harvest Foods,"{""demoCategory"": ""Proteins""}"
nimbus,EVENTS_KITCHEN,Tilapia Fillet,kg,Proteins,28080.00,20.00,30.00,true,EV-INV-003,Prime Poultry Demo,"{""demoCategory"": ""Proteins""}"
nimbus,EVENTS_KITCHEN,Mushrooms,kg,Produce,9720.00,25.00,35.00,true,EV-INV-004,Kampala Dry Goods,"{""demoCategory"": ""Produce""}"
nimbus,EVENTS_KITCHEN,Eggplant,kg,Produce,6480.00,30.00,40.00,true,EV-INV-005,Cafe Bean Collective,"{""demoCategory"": ""Produce""}"
nimbus,EVENTS_KITCHEN,Tomatoes,kg,Produce,4860.00,10.00,45.00,true,EV-INV-006,Skyline Beverage Supply,"{""demoCategory"": ""Produce""}"
nimbus,EVENTS_KITCHEN,Avocado,kg,Produce,7560.00,15.00,50.00,true,EV-INV-007,CleanOps Services,"{""demoCategory"": ""Produce""}"
nimbus,EVENTS_KITCHEN,Plantain,kg,Produce,5400.00,20.00,20.00,true,EV-INV-008,Kampala Utilities Demo,"{""demoCategory"": ""Produce""}"
nimbus,EVENTS_KITCHEN,Lettuce,kg,Produce,5940.00,25.00,25.00,true,EV-INV-009,Event Rentals Demo,"{""demoCategory"": ""Produce""}"
nimbus,EVENTS_KITCHEN,Herbs Mix,kg,Produce,12960.00,30.00,30.00,true,EV-INV-010,Cloud Apps Demo,"{""demoCategory"": ""Produce""}"
nimbus,EVENTS_KITCHEN,Potatoes,kg,Produce,4104.00,10.00,35.00,true,EV-INV-011,Fresh Fields Produce,"{""demoCategory"": ""Produce""}"
nimbus,EVENTS_KITCHEN,Flatbread Dough,kg,Bakery,7020.00,15.00,40.00,true,EV-INV-012,Lake Harvest Foods,"{""demoCategory"": ""Bakery""}"
nimbus,EVENTS_KITCHEN,Pasta,kg,Dry Goods,7560.00,20.00,45.00,true,EV-INV-013,Prime Poultry Demo,"{""demoCategory"": ""Dry Goods""}"
nimbus,EVENTS_KITCHEN,Rice,kg,Dry Goods,5616.00,25.00,50.00,true,EV-INV-014,Kampala Dry Goods,"{""demoCategory"": ""Dry Goods""}"
nimbus,EVENTS_KITCHEN,Cheese,kg,Dairy,25920.00,30.00,20.00,true,EV-INV-015,Cafe Bean Collective,"{""demoCategory"": ""Dairy""}"
nimbus,EVENTS_KITCHEN,Yoghurt,ltr,Dairy,8100.00,10.00,25.00,true,EV-INV-016,Skyline Beverage Supply,"{""demoCategory"": ""Dairy""}"
nimbus,EVENTS_KITCHEN,Cream,ltr,Dairy,9720.00,15.00,30.00,true,EV-INV-017,CleanOps Services,"{""demoCategory"": ""Dairy""}"
nimbus,EVENTS_KITCHEN,Coffee Beans,kg,Cafe,30240.00,20.00,35.00,true,EV-INV-018,Kampala Utilities Demo,"{""demoCategory"": ""Cafe""}"
nimbus,EVENTS_KITCHEN,Tea Leaves,kg,Cafe,19440.00,25.00,40.00,true,EV-INV-019,Event Rentals Demo,"{""demoCategory"": ""Cafe""}"
nimbus,EVENTS_KITCHEN,Mango Pulp,ltr,Beverage,9180.00,30.00,45.00,true,EV-INV-020,Cloud Apps Demo,"{""demoCategory"": ""Beverage""}"
nimbus,EVENTS_KITCHEN,Passion Fruit Pulp,ltr,Beverage,9936.00,10.00,50.00,true,EV-INV-021,Fresh Fields Produce,"{""demoCategory"": ""Beverage""}"
nimbus,EVENTS_KITCHEN,Lime Juice,ltr,Beverage,7560.00,15.00,20.00,true,EV-INV-022,Lake Harvest Foods,"{""demoCategory"": ""Beverage""}"
nimbus,EVENTS_KITCHEN,Ginger Syrup,ltr,Beverage,10800.00,20.00,25.00,true,EV-INV-023,Prime Poultry Demo,"{""demoCategory"": ""Beverage""}"
nimbus,EVENTS_KITCHEN,Hibiscus Syrup,ltr,Beverage,11880.00,25.00,30.00,true,EV-INV-024,Kampala Dry Goods,"{""demoCategory"": ""Beverage""}"
nimbus,EVENTS_KITCHEN,Sparkling Water,ltr,Beverage,3780.00,30.00,35.00,true,EV-INV-025,Cafe Bean Collective,"{""demoCategory"": ""Beverage""}"
nimbus,EVENTS_KITCHEN,Chocolate,kg,Dry Goods,17280.00,10.00,40.00,true,EV-INV-026,Skyline Beverage Supply,"{""demoCategory"": ""Dry Goods""}"
nimbus,EVENTS_KITCHEN,Dates,kg,Dry Goods,15120.00,15.00,45.00,true,EV-INV-027,CleanOps Services,"{""demoCategory"": ""Dry Goods""}"
nimbus,EVENTS_KITCHEN,Sugar,kg,Dry Goods,4860.00,20.00,50.00,true,EV-INV-028,Kampala Utilities Demo,"{""demoCategory"": ""Dry Goods""}"
nimbus,EVENTS_KITCHEN,Flour,kg,Dry Goods,5184.00,25.00,20.00,true,EV-INV-029,Event Rentals Demo,"{""demoCategory"": ""Dry Goods""}"
nimbus,EVENTS_KITCHEN,Cooking Oil,ltr,Dry Goods,9720.00,30.00,25.00,true,EV-INV-030,Cloud Apps Demo,"{""demoCategory"": ""Dry Goods""}"
nimbus,EVENTS_KITCHEN,Salt,kg,Dry Goods,1944.00,10.00,30.00,true,EV-INV-031,Fresh Fields Produce,"{""demoCategory"": ""Dry Goods""}"
nimbus,EVENTS_KITCHEN,Black Pepper,kg,Dry Goods,22680.00,15.00,35.00,true,EV-INV-032,Lake Harvest Foods,"{""demoCategory"": ""Dry Goods""}"
nimbus,EVENTS_KITCHEN,Garlic,kg,Produce,8100.00,20.00,40.00,true,EV-INV-033,Prime Poultry Demo,"{""demoCategory"": ""Produce""}"
nimbus,EVENTS_KITCHEN,Onion,kg,Produce,4320.00,25.00,45.00,true,EV-INV-034,Kampala Dry Goods,"{""demoCategory"": ""Produce""}"
nimbus,EVENTS_KITCHEN,Cucumber,kg,Produce,5400.00,30.00,50.00,true,EV-INV-035,Cafe Bean Collective,"{""demoCategory"": ""Produce""}"
nimbus,EVENTS_KITCHEN,Basil,kg,Produce,15660.00,10.00,20.00,true,EV-INV-036,Skyline Beverage Supply,"{""demoCategory"": ""Produce""}"
nimbus,EVENTS_KITCHEN,Cranberry Juice,ltr,Beverage,8856.00,15.00,25.00,true,EV-INV-037,CleanOps Services,"{""demoCategory"": ""Beverage""}"
nimbus,EVENTS_KITCHEN,Vanilla Syrup,ltr,Cafe,14040.00,20.00,30.00,true,EV-INV-038,Kampala Utilities Demo,"{""demoCategory"": ""Cafe""}"
nimbus,EVENTS_KITCHEN,Oats,kg,Dry Goods,8208.00,25.00,35.00,true,EV-INV-039,Event Rentals Demo,"{""demoCategory"": ""Dry Goods""}"
nimbus,EVENTS_KITCHEN,Bananas,kg,Produce,4536.00,30.00,40.00,true,EV-INV-040,Cloud Apps Demo,"{""demoCategory"": ""Produce""}"
nimbus,EVENTS_KITCHEN,Mini Dessert Base,unit,Bakery,1296.00,10.00,45.00,true,EV-INV-041,Fresh Fields Produce,"{""demoCategory"": ""Bakery""}"
nimbus,EVENTS_KITCHEN,Packaging Box,unit,Packaging,972.00,15.00,50.00,true,EV-INV-042,Lake Harvest Foods,"{""demoCategory"": ""Packaging""}"
nimbus,EVENTS_KITCHEN,Napkins,unit,Packaging,86.40,20.00,20.00,true,EV-INV-043,Prime Poultry Demo,"{""demoCategory"": ""Packaging""}"
nimbus,EVENTS_KITCHEN,Cleaning Solution,ltr,Cleaning,6480.00,25.00,25.00,true,EV-INV-044,Kampala Dry Goods,"{""demoCategory"": ""Cleaning""}"
nimbus,EVENTS_KITCHEN,Receipt Paper Roll,unit,Packaging,2700.00,30.00,30.00,true,EV-INV-045,Cafe Bean Collective,"{""demoCategory"": ""Packaging""}"
